name,k,space_bytes,original_bytes,distribution
"Vec<u64>",0,8000024,8000024,"UniformLow_1000000"
"Fixed len=10",1,1250096,8000024,"UniformLow_1000000"
"Gamma",2,4121976,8000024,"UniformLow_1000000"
"Gamma",4,3121976,8000024,"UniformLow_1000000"
"Gamma",8,2621976,8000024,"UniformLow_1000000"
"Gamma",16,2371976,8000024,"UniformLow_1000000"
"Gamma",32,2246976,8000024,"UniformLow_1000000"
"Gamma",64,2184476,8000024,"UniformLow_1000000"
"Gamma",128,2153228,8000024,"UniformLow_1000000"
"Gamma",256,2137604,8000024,"UniformLow_1000000"
"Gamma",512,2129792,8000024,"UniformLow_1000000"
"Gamma",1024,2125884,8000024,"UniformLow_1000000"
"Delta",2,3839752,8000024,"UniformLow_1000000"
"Delta",4,2839752,8000024,"UniformLow_1000000"
"Delta",8,2339752,8000024,"UniformLow_1000000"
"Delta",16,2089752,8000024,"UniformLow_1000000"
"Delta",32,1964752,8000024,"UniformLow_1000000"
"Delta",64,1902252,8000024,"UniformLow_1000000"
"Delta",128,1871004,8000024,"UniformLow_1000000"
"Delta",256,1855380,8000024,"UniformLow_1000000"
"Delta",512,1847568,8000024,"UniformLow_1000000"
"Delta",1024,1843660,8000024,"UniformLow_1000000"
"Rice log2_b=9",2,3311112,8000024,"UniformLow_1000000"
"Rice log2_b=9",4,2311112,8000024,"UniformLow_1000000"
"Rice log2_b=9",8,1811112,8000024,"UniformLow_1000000"
"Rice log2_b=9",16,1561112,8000024,"UniformLow_1000000"
"Rice log2_b=9",32,1436112,8000024,"UniformLow_1000000"
"Rice log2_b=9",64,1373612,8000024,"UniformLow_1000000"
"Rice log2_b=9",128,1342364,8000024,"UniformLow_1000000"
"Rice log2_b=9",256,1326740,8000024,"UniformLow_1000000"
"Rice log2_b=9",512,1318928,8000024,"UniformLow_1000000"
"Rice log2_b=9",1024,1315020,8000024,"UniformLow_1000000"
"Zeta z=3",2,3639448,8000024,"UniformLow_1000000"
"Zeta z=3",4,2639448,8000024,"UniformLow_1000000"
"Zeta z=3",8,2139448,8000024,"UniformLow_1000000"
"Zeta z=3",16,1889448,8000024,"UniformLow_1000000"
"Zeta z=3",32,1764448,8000024,"UniformLow_1000000"
"Zeta z=3",64,1701948,8000024,"UniformLow_1000000"
"Zeta z=3",128,1670700,8000024,"UniformLow_1000000"
"Zeta z=3",256,1655076,8000024,"UniformLow_1000000"
"Zeta z=3",512,1647264,8000024,"UniformLow_1000000"
"Zeta z=3",1024,1643356,8000024,"UniformLow_1000000"
"Omega",2,3960256,8000024,"UniformLow_1000000"
"Omega",4,2960256,8000024,"UniformLow_1000000"
"Omega",8,2460256,8000024,"UniformLow_1000000"
"Omega",16,2210256,8000024,"UniformLow_1000000"
"Omega",32,2085256,8000024,"UniformLow_1000000"
"Omega",64,2022756,8000024,"UniformLow_1000000"
"Omega",128,1991508,8000024,"UniformLow_1000000"
"Omega",256,1975884,8000024,"UniformLow_1000000"
"Omega",512,1968072,8000024,"UniformLow_1000000"
"Omega",1024,1964164,8000024,"UniformLow_1000000"
"VByteLe",2,3871888,8000024,"UniformLow_1000000"
"VByteLe",4,2871888,8000024,"UniformLow_1000000"
"VByteLe",8,2371888,8000024,"UniformLow_1000000"
"VByteLe",16,2121888,8000024,"UniformLow_1000000"
"VByteLe",32,1996888,8000024,"UniformLow_1000000"
"VByteLe",64,1934388,8000024,"UniformLow_1000000"
"VByteLe",128,1903140,8000024,"UniformLow_1000000"
"VByteLe",256,1887516,8000024,"UniformLow_1000000"
"VByteLe",512,1879704,8000024,"UniformLow_1000000"
"VByteLe",1024,1875796,8000024,"UniformLow_1000000"
"VByteBe",2,3871888,8000024,"UniformLow_1000000"
"VByteBe",4,2871888,8000024,"UniformLow_1000000"
"VByteBe",8,2371888,8000024,"UniformLow_1000000"
"VByteBe",16,2121888,8000024,"UniformLow_1000000"
"VByteBe",32,1996888,8000024,"UniformLow_1000000"
"VByteBe",64,1934388,8000024,"UniformLow_1000000"
"VByteBe",128,1903140,8000024,"UniformLow_1000000"
"VByteBe",256,1887516,8000024,"UniformLow_1000000"
"VByteBe",512,1879704,8000024,"UniformLow_1000000"
"VByteBe",1024,1875796,8000024,"UniformLow_1000000"
"Pi z=3",2,3591672,8000024,"UniformLow_1000000"
"Pi z=3",4,2591672,8000024,"UniformLow_1000000"
"Pi z=3",8,2091672,8000024,"UniformLow_1000000"
"Pi z=3",16,1841672,8000024,"UniformLow_1000000"
"Pi z=3",32,1716672,8000024,"UniformLow_1000000"
"Pi z=3",64,1654172,8000024,"UniformLow_1000000"
"Pi z=3",128,1622924,8000024,"UniformLow_1000000"
"Pi z=3",256,1607300,8000024,"UniformLow_1000000"
"Pi z=3",512,1599488,8000024,"UniformLow_1000000"
"Pi z=3",1024,1595580,8000024,"UniformLow_1000000"
"Golombb=8",2,10252832,8000024,"UniformLow_1000000"
"Golombb=8",4,9252832,8000024,"UniformLow_1000000"
"Golombb=8",8,8752832,8000024,"UniformLow_1000000"
"Golombb=8",16,8502832,8000024,"UniformLow_1000000"
"Golombb=8",32,8377832,8000024,"UniformLow_1000000"
"Golombb=8",64,8315332,8000024,"UniformLow_1000000"
"Golombb=8",128,8284084,8000024,"UniformLow_1000000"
"Golombb=8",256,8268460,8000024,"UniformLow_1000000"
"Golombb=8",512,8260648,8000024,"UniformLow_1000000"
"Golombb=8",1024,8256740,8000024,"UniformLow_1000000"
"ExpGolomb b=2",2,3878232,8000024,"UniformLow_1000000"
"ExpGolomb b=2",4,2878232,8000024,"UniformLow_1000000"
"ExpGolomb b=2",8,2378232,8000024,"UniformLow_1000000"
"ExpGolomb b=2",16,2128232,8000024,"UniformLow_1000000"
"ExpGolomb b=2",32,2003232,8000024,"UniformLow_1000000"
"ExpGolomb b=2",64,1940732,8000024,"UniformLow_1000000"
"ExpGolomb b=2",128,1909484,8000024,"UniformLow_1000000"
"ExpGolomb b=2",256,1893860,8000024,"UniformLow_1000000"
"ExpGolomb b=2",512,1886048,8000024,"UniformLow_1000000"
"ExpGolomb b=2",1024,1882140,8000024,"UniformLow_1000000"
"Vec<u64>",0,8000024,8000024,"UniformHigh_1000000"
"Fixed len=32",1,4000096,8000024,"UniformHigh_1000000"
"Gamma",2,9625240,8000024,"UniformHigh_1000000"
"Gamma",4,8625240,8000024,"UniformHigh_1000000"
"Gamma",8,8125240,8000024,"UniformHigh_1000000"
"Gamma",16,7875240,8000024,"UniformHigh_1000000"
"Gamma",32,7750240,8000024,"UniformHigh_1000000"
"Gamma",64,7687740,8000024,"UniformHigh_1000000"
"Gamma",128,7656492,8000024,"UniformHigh_1000000"
"Gamma",256,7640868,8000024,"UniformHigh_1000000"
"Gamma",512,7633056,8000024,"UniformHigh_1000000"
"Gamma",1024,7629148,8000024,"UniformHigh_1000000"
"Delta",2,7000176,8000024,"UniformHigh_1000000"
"Delta",4,6000176,8000024,"UniformHigh_1000000"
"Delta",8,5500176,8000024,"UniformHigh_1000000"
"Delta",16,5250176,8000024,"UniformHigh_1000000"
"Delta",32,5125176,8000024,"UniformHigh_1000000"
"Delta",64,5062676,8000024,"UniformHigh_1000000"
"Delta",128,5031428,8000024,"UniformHigh_1000000"
"Delta",256,5015804,8000024,"UniformHigh_1000000"
"Delta",512,5007992,8000024,"UniformHigh_1000000"
"Delta",1024,5004084,8000024,"UniformHigh_1000000"
"Zeta z=3",2,7321664,8000024,"UniformHigh_1000000"
"Zeta z=3",4,6321664,8000024,"UniformHigh_1000000"
"Zeta z=3",8,5821664,8000024,"UniformHigh_1000000"
"Zeta z=3",16,5571664,8000024,"UniformHigh_1000000"
"Zeta z=3",32,5446664,8000024,"UniformHigh_1000000"
"Zeta z=3",64,5384164,8000024,"UniformHigh_1000000"
"Zeta z=3",128,5352916,8000024,"UniformHigh_1000000"
"Zeta z=3",256,5337292,8000024,"UniformHigh_1000000"
"Zeta z=3",512,5329480,8000024,"UniformHigh_1000000"
"Zeta z=3",1024,5325572,8000024,"UniformHigh_1000000"
"Omega",2,7250160,8000024,"UniformHigh_1000000"
"Omega",4,6250160,8000024,"UniformHigh_1000000"
"Omega",8,5750160,8000024,"UniformHigh_1000000"
"Omega",16,5500160,8000024,"UniformHigh_1000000"
"Omega",32,5375160,8000024,"UniformHigh_1000000"
"Omega",64,5312660,8000024,"UniformHigh_1000000"
"Omega",128,5281412,8000024,"UniformHigh_1000000"
"Omega",256,5265788,8000024,"UniformHigh_1000000"
"Omega",512,5257976,8000024,"UniformHigh_1000000"
"Omega",1024,5254068,8000024,"UniformHigh_1000000"
"VByteLe",2,6936664,8000024,"UniformHigh_1000000"
"VByteLe",4,5936664,8000024,"UniformHigh_1000000"
"VByteLe",8,5436664,8000024,"UniformHigh_1000000"
"VByteLe",16,5186664,8000024,"UniformHigh_1000000"
"VByteLe",32,5061664,8000024,"UniformHigh_1000000"
"VByteLe",64,4999164,8000024,"UniformHigh_1000000"
"VByteLe",128,4967916,8000024,"UniformHigh_1000000"
"VByteLe",256,4952292,8000024,"UniformHigh_1000000"
"VByteLe",512,4944480,8000024,"UniformHigh_1000000"
"VByteLe",1024,4940572,8000024,"UniformHigh_1000000"
"VByteBe",2,6936664,8000024,"UniformHigh_1000000"
"VByteBe",4,5936664,8000024,"UniformHigh_1000000"
"VByteBe",8,5436664,8000024,"UniformHigh_1000000"
"VByteBe",16,5186664,8000024,"UniformHigh_1000000"
"VByteBe",32,5061664,8000024,"UniformHigh_1000000"
"VByteBe",64,4999164,8000024,"UniformHigh_1000000"
"VByteBe",128,4967916,8000024,"UniformHigh_1000000"
"VByteBe",256,4952292,8000024,"UniformHigh_1000000"
"VByteBe",512,4944480,8000024,"UniformHigh_1000000"
"VByteBe",1024,4940572,8000024,"UniformHigh_1000000"
"Pi z=3",2,6624688,8000024,"UniformHigh_1000000"
"Pi z=3",4,5624688,8000024,"UniformHigh_1000000"
"Pi z=3",8,5124688,8000024,"UniformHigh_1000000"
"Pi z=3",16,4874688,8000024,"UniformHigh_1000000"
"Pi z=3",32,4749688,8000024,"UniformHigh_1000000"
"Pi z=3",64,4687188,8000024,"UniformHigh_1000000"
"Pi z=3",128,4655940,8000024,"UniformHigh_1000000"
"Pi z=3",256,4640316,8000024,"UniformHigh_1000000"
"Pi z=3",512,4632504,8000024,"UniformHigh_1000000"
"Pi z=3",1024,4628596,8000024,"UniformHigh_1000000"
"ExpGolomb b=2",2,9375240,8000024,"UniformHigh_1000000"
"ExpGolomb b=2",4,8375240,8000024,"UniformHigh_1000000"
"ExpGolomb b=2",8,7875240,8000024,"UniformHigh_1000000"
"ExpGolomb b=2",16,7625240,8000024,"UniformHigh_1000000"
"ExpGolomb b=2",32,7500240,8000024,"UniformHigh_1000000"
"ExpGolomb b=2",64,7437740,8000024,"UniformHigh_1000000"
"ExpGolomb b=2",128,7406492,8000024,"UniformHigh_1000000"
"ExpGolomb b=2",256,7390868,8000024,"UniformHigh_1000000"
"ExpGolomb b=2",512,7383056,8000024,"UniformHigh_1000000"
"ExpGolomb b=2",1024,7379148,8000024,"UniformHigh_1000000"
"Vec<u64>",0,8000024,8000024,"Geometric_1000000"
"Fixed len=9",1,1125096,8000024,"Geometric_1000000"
"Gamma",2,3006240,8000024,"Geometric_1000000"
"Gamma",4,2006240,8000024,"Geometric_1000000"
"Gamma",8,1506240,8000024,"Geometric_1000000"
"Gamma",16,1256240,8000024,"Geometric_1000000"
"Gamma",32,1131240,8000024,"Geometric_1000000"
"Gamma",64,1068740,8000024,"Geometric_1000000"
"Gamma",128,1037492,8000024,"Geometric_1000000"
"Gamma",256,1021868,8000024,"Geometric_1000000"
"Gamma",512,1014056,8000024,"Geometric_1000000"
"Gamma",1024,1010148,8000024,"Geometric_1000000"
"Delta",2,3004240,8000024,"Geometric_1000000"
"Delta",4,2004240,8000024,"Geometric_1000000"
"Delta",8,1504240,8000024,"Geometric_1000000"
"Delta",16,1254240,8000024,"Geometric_1000000"
"Delta",32,1129240,8000024,"Geometric_1000000"
"Delta",64,1066740,8000024,"Geometric_1000000"
"Delta",128,1035492,8000024,"Geometric_1000000"
"Delta",256,1019868,8000024,"Geometric_1000000"
"Delta",512,1012056,8000024,"Geometric_1000000"
"Delta",1024,1008148,8000024,"Geometric_1000000"
"Unary",2,5062952,8000024,"Geometric_1000000"
"Unary",4,4062952,8000024,"Geometric_1000000"
"Unary",8,3562952,8000024,"Geometric_1000000"
"Unary",16,3312952,8000024,"Geometric_1000000"
"Unary",32,3187952,8000024,"Geometric_1000000"
"Unary",64,3125452,8000024,"Geometric_1000000"
"Unary",128,3094204,8000024,"Geometric_1000000"
"Unary",256,3078580,8000024,"Geometric_1000000"
"Unary",512,3070768,8000024,"Geometric_1000000"
"Unary",1024,3066860,8000024,"Geometric_1000000"
"Ricelog2_b=5",2,2791784,8000024,"Geometric_1000000"
"Ricelog2_b=5",4,1791784,8000024,"Geometric_1000000"
"Ricelog2_b=5",8,1291784,8000024,"Geometric_1000000"
"Ricelog2_b=5",16,1041784,8000024,"Geometric_1000000"
"Ricelog2_b=5",32,916784,8000024,"Geometric_1000000"
"Ricelog2_b=5",64,854284,8000024,"Geometric_1000000"
"Ricelog2_b=5",128,823036,8000024,"Geometric_1000000"
"Ricelog2_b=5",256,807412,8000024,"Geometric_1000000"
"Ricelog2_b=5",512,799600,8000024,"Geometric_1000000"
"Ricelog2_b=5",1024,795692,8000024,"Geometric_1000000"
"Zeta z=3",2,2881088,8000024,"Geometric_1000000"
"Zeta z=3",4,1881088,8000024,"Geometric_1000000"
"Zeta z=3",8,1381088,8000024,"Geometric_1000000"
"Zeta z=3",16,1131088,8000024,"Geometric_1000000"
"Zeta z=3",32,1006088,8000024,"Geometric_1000000"
"Zeta z=3",64,943588,8000024,"Geometric_1000000"
"Zeta z=3",128,912340,8000024,"Geometric_1000000"
"Zeta z=3",256,896716,8000024,"Geometric_1000000"
"Zeta z=3",512,888904,8000024,"Geometric_1000000"
"Zeta z=3",1024,884996,8000024,"Geometric_1000000"
"Omega",2,3112680,8000024,"Geometric_1000000"
"Omega",4,2112680,8000024,"Geometric_1000000"
"Omega",8,1612680,8000024,"Geometric_1000000"
"Omega",16,1362680,8000024,"Geometric_1000000"
"Omega",32,1237680,8000024,"Geometric_1000000"
"Omega",64,1175180,8000024,"Geometric_1000000"
"Omega",128,1143932,8000024,"Geometric_1000000"
"Omega",256,1128308,8000024,"Geometric_1000000"
"Omega",512,1120496,8000024,"Geometric_1000000"
"Omega",1024,1116588,8000024,"Geometric_1000000"
"VByteLe",2,3004008,8000024,"Geometric_1000000"
"VByteLe",4,2004008,8000024,"Geometric_1000000"
"VByteLe",8,1504008,8000024,"Geometric_1000000"
"VByteLe",16,1254008,8000024,"Geometric_1000000"
"VByteLe",32,1129008,8000024,"Geometric_1000000"
"VByteLe",64,1066508,8000024,"Geometric_1000000"
"VByteLe",128,1035260,8000024,"Geometric_1000000"
"VByteLe",256,1019636,8000024,"Geometric_1000000"
"VByteLe",512,1011824,8000024,"Geometric_1000000"
"VByteLe",1024,1007916,8000024,"Geometric_1000000"
"VByteBe",2,3004008,8000024,"Geometric_1000000"
"VByteBe",4,2004008,8000024,"Geometric_1000000"
"VByteBe",8,1504008,8000024,"Geometric_1000000"
"VByteBe",16,1254008,8000024,"Geometric_1000000"
"VByteBe",32,1129008,8000024,"Geometric_1000000"
"VByteBe",64,1066508,8000024,"Geometric_1000000"
"VByteBe",128,1035260,8000024,"Geometric_1000000"
"VByteBe",256,1019636,8000024,"Geometric_1000000"
"VByteBe",512,1011824,8000024,"Geometric_1000000"
"VByteBe",1024,1007916,8000024,"Geometric_1000000"
"Pi z=3",2,2940672,8000024,"Geometric_1000000"
"Pi z=3",4,1940672,8000024,"Geometric_1000000"
"Pi z=3",8,1440672,8000024,"Geometric_1000000"
"Pi z=3",16,1190672,8000024,"Geometric_1000000"
"Pi z=3",32,1065672,8000024,"Geometric_1000000"
"Pi z=3",64,1003172,8000024,"Geometric_1000000"
"Pi z=3",128,971924,8000024,"Geometric_1000000"
"Pi z=3",256,956300,8000024,"Geometric_1000000"
"Pi z=3",512,948488,8000024,"Geometric_1000000"
"Pi z=3",1024,944580,8000024,"Geometric_1000000"
"Golombb=8",2,2812600,8000024,"Geometric_1000000"
"Golombb=8",4,1812600,8000024,"Geometric_1000000"
"Golombb=8",8,1312600,8000024,"Geometric_1000000"
"Golombb=8",16,1062600,8000024,"Geometric_1000000"
"Golombb=8",32,937600,8000024,"Geometric_1000000"
"Golombb=8",64,875100,8000024,"Geometric_1000000"
"Golombb=8",128,843852,8000024,"Geometric_1000000"
"Golombb=8",256,828228,8000024,"Geometric_1000000"
"Golombb=8",512,820416,8000024,"Geometric_1000000"
"Golombb=8",1024,816508,8000024,"Geometric_1000000"
"ExpGolomb b=2",2,2849136,8000024,"Geometric_1000000"
"ExpGolomb b=2",4,1849136,8000024,"Geometric_1000000"
"ExpGolomb b=2",8,1349136,8000024,"Geometric_1000000"
"ExpGolomb b=2",16,1099136,8000024,"Geometric_1000000"
"ExpGolomb b=2",32,974136,8000024,"Geometric_1000000"
"ExpGolomb b=2",64,911636,8000024,"Geometric_1000000"
"ExpGolomb b=2",128,880388,8000024,"Geometric_1000000"
"ExpGolomb b=2",256,864764,8000024,"Geometric_1000000"
"ExpGolomb b=2",512,856952,8000024,"Geometric_1000000"
"ExpGolomb b=2",1024,853044,8000024,"Geometric_1000000"
"Vec<u64>",0,8000024,8000024,"PowerLaw_1000000"
"Fixed len=62",1,7750096,8000024,"PowerLaw_1000000"
"Gamma",2,3187568,8000024,"PowerLaw_1000000"
"Gamma",4,2187568,8000024,"PowerLaw_1000000"
"Gamma",8,1687568,8000024,"PowerLaw_1000000"
"Gamma",16,1437568,8000024,"PowerLaw_1000000"
"Gamma",32,1312568,8000024,"PowerLaw_1000000"
"Gamma",64,1250068,8000024,"PowerLaw_1000000"
"Gamma",128,1218820,8000024,"PowerLaw_1000000"
"Gamma",256,1203196,8000024,"PowerLaw_1000000"
"Gamma",512,1195384,8000024,"PowerLaw_1000000"
"Gamma",1024,1191476,8000024,"PowerLaw_1000000"
"Delta",2,3062776,8000024,"PowerLaw_1000000"
"Delta",4,2062776,8000024,"PowerLaw_1000000"
"Delta",8,1562776,8000024,"PowerLaw_1000000"
"Delta",16,1312776,8000024,"PowerLaw_1000000"
"Delta",32,1187776,8000024,"PowerLaw_1000000"
"Delta",64,1125276,8000024,"PowerLaw_1000000"
"Delta",128,1094028,8000024,"PowerLaw_1000000"
"Delta",256,1078404,8000024,"PowerLaw_1000000"
"Delta",512,1070592,8000024,"PowerLaw_1000000"
"Delta",1024,1066684,8000024,"PowerLaw_1000000"
"Zeta z=3",2,2968920,8000024,"PowerLaw_1000000"
"Zeta z=3",4,1968920,8000024,"PowerLaw_1000000"
"Zeta z=3",8,1468920,8000024,"PowerLaw_1000000"
"Zeta z=3",16,1218920,8000024,"PowerLaw_1000000"
"Zeta z=3",32,1093920,8000024,"PowerLaw_1000000"
"Zeta z=3",64,1031420,8000024,"PowerLaw_1000000"
"Zeta z=3",128,1000172,8000024,"PowerLaw_1000000"
"Zeta z=3",256,984548,8000024,"PowerLaw_1000000"
"Zeta z=3",512,976736,8000024,"PowerLaw_1000000"
"Zeta z=3",1024,972828,8000024,"PowerLaw_1000000"
"Omega",2,3154472,8000024,"PowerLaw_1000000"
"Omega",4,2154472,8000024,"PowerLaw_1000000"
"Omega",8,1654472,8000024,"PowerLaw_1000000"
"Omega",16,1404472,8000024,"PowerLaw_1000000"
"Omega",32,1279472,8000024,"PowerLaw_1000000"
"Omega",64,1216972,8000024,"PowerLaw_1000000"
"Omega",128,1185724,8000024,"PowerLaw_1000000"
"Omega",256,1170100,8000024,"PowerLaw_1000000"
"Omega",512,1162288,8000024,"PowerLaw_1000000"
"Omega",1024,1158380,8000024,"PowerLaw_1000000"
"VByteLe",2,3275248,8000024,"PowerLaw_1000000"
"VByteLe",4,2275248,8000024,"PowerLaw_1000000"
"VByteLe",8,1775248,8000024,"PowerLaw_1000000"
"VByteLe",16,1525248,8000024,"PowerLaw_1000000"
"VByteLe",32,1400248,8000024,"PowerLaw_1000000"
"VByteLe",64,1337748,8000024,"PowerLaw_1000000"
"VByteLe",128,1306500,8000024,"PowerLaw_1000000"
"VByteLe",256,1290876,8000024,"PowerLaw_1000000"
"VByteLe",512,1283064,8000024,"PowerLaw_1000000"
"VByteLe",1024,1279156,8000024,"PowerLaw_1000000"
"VByteBe",2,3275248,8000024,"PowerLaw_1000000"
"VByteBe",4,2275248,8000024,"PowerLaw_1000000"
"VByteBe",8,1775248,8000024,"PowerLaw_1000000"
"VByteBe",16,1525248,8000024,"PowerLaw_1000000"
"VByteBe",32,1400248,8000024,"PowerLaw_1000000"
"VByteBe",64,1337748,8000024,"PowerLaw_1000000"
"VByteBe",128,1306500,8000024,"PowerLaw_1000000"
"VByteBe",256,1290876,8000024,"PowerLaw_1000000"
"VByteBe",512,1283064,8000024,"PowerLaw_1000000"
"VByteBe",1024,1279156,8000024,"PowerLaw_1000000"
"Pi z=3",2,3058768,8000024,"PowerLaw_1000000"
"Pi z=3",4,2058768,8000024,"PowerLaw_1000000"
"Pi z=3",8,1558768,8000024,"PowerLaw_1000000"
"Pi z=3",16,1308768,8000024,"PowerLaw_1000000"
"Pi z=3",32,1183768,8000024,"PowerLaw_1000000"
"Pi z=3",64,1121268,8000024,"PowerLaw_1000000"
"Pi z=3",128,1090020,8000024,"PowerLaw_1000000"
"Pi z=3",256,1074396,8000024,"PowerLaw_1000000"
"Pi z=3",512,1066584,8000024,"PowerLaw_1000000"
"Pi z=3",1024,1062676,8000024,"PowerLaw_1000000"
"ExpGolomb b=2",2,3090704,8000024,"PowerLaw_1000000"
"ExpGolomb b=2",4,2090704,8000024,"PowerLaw_1000000"
"ExpGolomb b=2",8,1590704,8000024,"PowerLaw_1000000"
"ExpGolomb b=2",16,1340704,8000024,"PowerLaw_1000000"
"ExpGolomb b=2",32,1215704,8000024,"PowerLaw_1000000"
"ExpGolomb b=2",64,1153204,8000024,"PowerLaw_1000000"
"ExpGolomb b=2",128,1121956,8000024,"PowerLaw_1000000"
"ExpGolomb b=2",256,1106332,8000024,"PowerLaw_1000000"
"ExpGolomb b=2",512,1098520,8000024,"PowerLaw_1000000"
"ExpGolomb b=2",1024,1094612,8000024,"PowerLaw_1000000"
